business_id,name,city,state,stars,text,review_id,date,categories
biz_000,Joe's Pizza,Bronx,NY,3,Food was cold and service was slow.,rev_000_000,2024-05-07,"Restaurants, Food"
biz_000,Joe's Pizza,Bronx,NY,1,Food was cold and service was slow.,rev_000_001,2024-04-08,"Restaurants, Food"
biz_000,Joe's Pizza,Queens,NY,1,"Terrible experience, would not return.",rev_000_002,2024-06-02,"Restaurants, Food"
biz_000,Joe's Pizza,Brooklyn,NY,5,Outstanding restaurant with friendly staff!,rev_000_003,2024-06-12,"Restaurants, Food"
biz_000,Joe's Pizza,Brooklyn,NY,5,Poor service and mediocre food. Disappointed.,rev_000_004,2024-12-28,"Restaurants, Food"
biz_000,Joe's Pizza,Manhattan,NY,1,"Terrible experience, would not return.",rev_000_005,2024-12-23,"Restaurants, Food"
biz_000,Joe's Pizza,Manhattan,NY,1,Poor service and mediocre food. Disappointed.,rev_000_006,2024-07-21,"Restaurants, Food"
biz_000,Joe's Pizza,Queens,NY,3,"Terrible experience, would not return.",rev_000_007,2024-02-26,"Restaurants, Food"
biz_000,Joe's Pizza,Queens,NY,4,Outstanding restaurant with friendly staff!,rev_000_008,2024-12-07,"Restaurants, Food"
biz_000,Joe's Pizza,New York,NY,1,"Not worth the money, poor quality.",rev_000_009,2024-04-18,"Restaurants, Food"
biz_000,Joe's Pizza,Brooklyn,NY,2,"Terrible experience, would not return.",rev_000_010,2024-04-22,"Restaurants, Food"
biz_000,Joe's Pizza,Brooklyn,NY,5,"Average experience, nothing special but decent.",rev_000_011,2024-10-04,"Restaurants, Food"
biz_000,Joe's Pizza,Queens,NY,2,"Not worth the money, poor quality.",rev_000_012,2024-09-08,"Restaurants, Food"
biz_000,Joe's Pizza,Bronx,NY,1,Poor service and mediocre food. Disappointed.,rev_000_013,2024-08-26,"Restaurants, Food"
biz_000,Joe's Pizza,New York,NY,2,"Not worth the money, poor quality.",rev_000_014,2024-01-25,"Restaurants, Food"
biz_000,Joe's Pizza,Manhattan,NY,2,"Not worth the money, poor quality.",rev_000_015,2024-03-17,"Restaurants, Food"
biz_000,Joe's Pizza,Bronx,NY,3,Food was cold and service was slow.,rev_000_016,2024-10-07,"Restaurants, Food"
biz_000,Joe's Pizza,Queens,NY,3,"Not worth the money, poor quality.",rev_000_017,2024-02-01,"Restaurants, Food"
biz_000,Joe's Pizza,Manhattan,NY,4,"Perfect dinner spot, loved everything!",rev_000_018,2024-12-08,"Restaurants, Food"
biz_000,Joe's Pizza,Bronx,NY,5,Poor service and mediocre food. Disappointed.,rev_000_019,2024-03-01,"Restaurants, Food"
biz_000,Joe's Pizza,Manhattan,NY,3,Food was cold and service was slow.,rev_000_020,2024-09-15,"Restaurants, Food"
biz_000,Joe's Pizza,Manhattan,NY,2,"Terrible experience, would not return.",rev_000_021,2024-07-17,"Restaurants, Food"
biz_000,Joe's Pizza,Bronx,NY,5,Amazing atmosphere and delicious meals!,rev_000_022,2024-11-04,"Restaurants, Food"
biz_000,Joe's Pizza,Queens,NY,1,Food was cold and service was slow.,rev_000_023,2024-02-10,"Restaurants, Food"
biz_000,Joe's Pizza,Queens,NY,1,Poor service and mediocre food. Disappointed.,rev_000_024,2024-12-12,"Restaurants, Food"
biz_000,Joe's Pizza,Brooklyn,NY,5,"Perfect dinner spot, loved everything!",rev_000_025,2024-07-28,"Restaurants, Food"
biz_000,Joe's Pizza,New York,NY,4,"Perfect dinner spot, loved everything!",rev_000_026,2024-11-25,"Restaurants, Food"
biz_000,Joe's Pizza,Manhattan,NY,2,Poor service and mediocre food. Disappointed.,rev_000_027,2024-09-05,"Restaurants, Food"
biz_000,Joe's Pizza,Manhattan,NY,2,"Terrible experience, would not return.",rev_000_028,2024-06-24,"Restaurants, Food"
biz_000,Joe's Pizza,Brooklyn,NY,1,Poor service and mediocre food. Disappointed.,rev_000_029,2024-04-12,"Restaurants, Food"
biz_000,Joe's Pizza,Bronx,NY,5,"Average experience, nothing special but decent.",rev_000_030,2024-01-24,"Restaurants, Food"
biz_000,Joe's Pizza,Queens,NY,5,Great food and excellent service! Highly recommend.,rev_000_031,2024-06-23,"Restaurants, Food"
biz_000,Joe's Pizza,Brooklyn,NY,5,Great food and excellent service! Highly recommend.,rev_000_032,2024-05-12,"Restaurants, Food"
biz_000,Joe's Pizza,Queens,NY,1,"Terrible experience, would not return.",rev_000_033,2024-07-11,"Restaurants, Food"
biz_000,Joe's Pizza,Bronx,NY,3,Poor service and mediocre food. Disappointed.,rev_000_034,2024-04-02,"Restaurants, Food"
biz_000,Joe's Pizza,New York,NY,3,Food was cold and service was slow.,rev_000_035,2024-09-28,"Restaurants, Food"
biz_000,Joe's Pizza,Queens,NY,1,"Not worth the money, poor quality.",rev_000_036,2024-12-27,"Restaurants, Food"
biz_000,Joe's Pizza,Manhattan,NY,5,"Average experience, nothing special but decent.",rev_000_037,2024-04-07,"Restaurants, Food"
biz_000,Joe's Pizza,Brooklyn,NY,4,Great food and excellent service! Highly recommend.,rev_000_038,2024-08-01,"Restaurants, Food"
biz_000,Joe's Pizza,Brooklyn,NY,1,Poor service and mediocre food. Disappointed.,rev_000_039,2024-03-07,"Restaurants, Food"
biz_000,Joe's Pizza,Queens,NY,3,"Terrible experience, would not return.",rev_000_040,2024-12-17,"Restaurants, Food"
biz_000,Joe's Pizza,Bronx,NY,5,"Perfect dinner spot, loved everything!",rev_000_041,2024-11-23,"Restaurants, Food"
biz_000,Joe's Pizza,Manhattan,NY,5,Poor service and mediocre food. Disappointed.,rev_000_042,2024-04-24,"Restaurants, Food"
biz_000,Joe's Pizza,Manhattan,NY,3,Poor service and mediocre food. Disappointed.,rev_000_043,2024-01-08,"Restaurants, Food"
biz_000,Joe's Pizza,Manhattan,NY,3,"Not worth the money, poor quality.",rev_000_044,2024-09-03,"Restaurants, Food"
biz_000,Joe's Pizza,Brooklyn,NY,1,"Terrible experience, would not return.",rev_000_045,2024-02-22,"Restaurants, Food"
biz_000,Joe's Pizza,New York,NY,1,Poor service and mediocre food. Disappointed.,rev_000_046,2024-04-01,"Restaurants, Food"
biz_000,Joe's Pizza,Manhattan,NY,3,"Not worth the money, poor quality.",rev_000_047,2024-01-01,"Restaurants, Food"
biz_001,Manhattan Bistro,Bronx,NY,1,"Terrible experience, would not return.",rev_001_000,2024-03-22,"Restaurants, Food"
biz_001,Manhattan Bistro,New York,NY,3,Food was cold and service was slow.,rev_001_001,2024-12-15,"Restaurants, Food"
biz_001,Manhattan Bistro,Manhattan,NY,1,Poor service and mediocre food. Disappointed.,rev_001_002,2024-04-03,"Restaurants, Food"
biz_001,Manhattan Bistro,Queens,NY,1,"Not worth the money, poor quality.",rev_001_003,2024-05-06,"Restaurants, Food"
biz_001,Manhattan Bistro,Bronx,NY,5,Great food and excellent service! Highly recommend.,rev_001_004,2024-01-14,"Restaurants, Food"
biz_001,Manhattan Bistro,Queens,NY,3,Food was cold and service was slow.,rev_001_005,2024-05-23,"Restaurants, Food"
biz_001,Manhattan Bistro,New York,NY,4,Poor service and mediocre food. Disappointed.,rev_001_006,2024-10-22,"Restaurants, Food"
biz_001,Manhattan Bistro,Brooklyn,NY,1,"Not worth the money, poor quality.",rev_001_007,2024-06-23,"Restaurants, Food"
biz_001,Manhattan Bistro,Brooklyn,NY,4,Poor service and mediocre food. Disappointed.,rev_001_008,2024-01-08,"Restaurants, Food"
biz_001,Manhattan Bistro,Bronx,NY,3,Food was cold and service was slow.,rev_001_009,2024-10-23,"Restaurants, Food"
biz_001,Manhattan Bistro,Bronx,NY,5,"Average experience, nothing special but decent.",rev_001_010,2024-12-26,"Restaurants, Food"
biz_001,Manhattan Bistro,New York,NY,5,Amazing atmosphere and delicious meals!,rev_001_011,2024-08-14,"Restaurants, Food"
biz_001,Manhattan Bistro,Queens,NY,3,"Not worth the money, poor quality.",rev_001_012,2024-02-02,"Restaurants, Food"
biz_001,Manhattan Bistro,New York,NY,1,Food was cold and service was slow.,rev_001_013,2024-10-22,"Restaurants, Food"
biz_001,Manhattan Bistro,Brooklyn,NY,1,"Terrible experience, would not return.",rev_001_014,2024-06-15,"Restaurants, Food"
biz_001,Manhattan Bistro,Bronx,NY,4,Amazing atmosphere and delicious meals!,rev_001_015,2024-12-12,"Restaurants, Food"
biz_001,Manhattan Bistro,Bronx,NY,1,Food was cold and service was slow.,rev_001_016,2024-04-15,"Restaurants, Food"
biz_001,Manhattan Bistro,Bronx,NY,3,"Not worth the money, poor quality.",rev_001_017,2024-02-28,"Restaurants, Food"
biz_001,Manhattan Bistro,Manhattan,NY,3,Food was cold and service was slow.,rev_001_018,2024-12-26,"Restaurants, Food"
biz_001,Manhattan Bistro,New York,NY,4,Outstanding restaurant with friendly staff!,rev_001_019,2024-12-21,"Restaurants, Food"
biz_001,Manhattan Bistro,Brooklyn,NY,4,"Average experience, nothing special but decent.",rev_001_020,2024-06-16,"Restaurants, Food"
biz_002,Brooklyn Coffee,Bronx,NY,3,Poor service and mediocre food. Disappointed.,rev_002_000,2024-07-05,"Restaurants, Food"
biz_002,Brooklyn Coffee,Brooklyn,NY,1,Food was cold and service was slow.,rev_002_001,2024-03-05,"Restaurants, Food"
biz_002,Brooklyn Coffee,Bronx,NY,4,Outstanding restaurant with friendly staff!,rev_002_002,2024-01-14,"Restaurants, Food"
biz_002,Brooklyn Coffee,Brooklyn,NY,2,Poor service and mediocre food. Disappointed.,rev_002_003,2024-10-16,"Restaurants, Food"
biz_002,Brooklyn Coffee,Bronx,NY,1,"Not worth the money, poor quality.",rev_002_004,2024-07-26,"Restaurants, Food"
biz_002,Brooklyn Coffee,Queens,NY,3,Poor service and mediocre food. Disappointed.,rev_002_005,2024-10-26,"Restaurants, Food"
biz_002,Brooklyn Coffee,Bronx,NY,3,"Not worth the money, poor quality.",rev_002_006,2024-04-16,"Restaurants, Food"
biz_002,Brooklyn Coffee,Manhattan,NY,4,"Average experience, nothing special but decent.",rev_002_007,2024-04-24,"Restaurants, Food"
biz_002,Brooklyn Coffee,New York,NY,3,Food was cold and service was slow.,rev_002_008,2024-03-11,"Restaurants, Food"
biz_002,Brooklyn Coffee,Brooklyn,NY,3,Food was cold and service was slow.,rev_002_009,2024-11-12,"Restaurants, Food"
biz_002,Brooklyn Coffee,Brooklyn,NY,4,Amazing atmosphere and delicious meals!,rev_002_010,2024-03-18,"Restaurants, Food"
biz_002,Brooklyn Coffee,Bronx,NY,3,Poor service and mediocre food. Disappointed.,rev_002_011,2024-10-10,"Restaurants, Food"
biz_002,Brooklyn Coffee,Queens,NY,4,"Average experience, nothing special but decent.",rev_002_012,2024-10-21,"Restaurants, Food"
biz_002,Brooklyn Coffee,Queens,NY,5,Poor service and mediocre food. Disappointed.,rev_002_013,2024-09-21,"Restaurants, Food"
biz_002,Brooklyn Coffee,New York,NY,1,"Not worth the money, poor quality.",rev_002_014,2024-08-03,"Restaurants, Food"
biz_002,Brooklyn Coffee,New York,NY,1,"Not worth the money, poor quality.",rev_002_015,2024-07-24,"Restaurants, Food"
biz_002,Brooklyn Coffee,New York,NY,3,"Not worth the money, poor quality.",rev_002_016,2024-07-13,"Restaurants, Food"
biz_002,Brooklyn Coffee,New York,NY,1,Food was cold and service was slow.,rev_002_017,2024-01-20,"Restaurants, Food"
biz_002,Brooklyn Coffee,Manhattan,NY,1,"Terrible experience, would not return.",rev_002_018,2024-01-04,"Restaurants, Food"
biz_002,Brooklyn Coffee,New York,NY,5,Great food and excellent service! Highly recommend.,rev_002_019,2024-07-28,"Restaurants, Food"
biz_002,Brooklyn Coffee,Brooklyn,NY,2,"Not worth the money, poor quality.",rev_002_020,2024-05-05,"Restaurants, Food"
biz_002,Brooklyn Coffee,Bronx,NY,5,Great food and excellent service! Highly recommend.,rev_002_021,2024-04-21,"Restaurants, Food"
biz_002,Brooklyn Coffee,Bronx,NY,1,Poor service and mediocre food. Disappointed.,rev_002_022,2024-10-26,"Restaurants, Food"
biz_002,Brooklyn Coffee,Bronx,NY,5,"Average experience, nothing special but decent.",rev_002_023,2024-11-11,"Restaurants, Food"
biz_002,Brooklyn Coffee,Brooklyn,NY,5,Amazing atmosphere and delicious meals!,rev_002_024,2024-12-17,"Restaurants, Food"
biz_002,Brooklyn Coffee,Brooklyn,NY,5,"Perfect dinner spot, loved everything!",rev_002_025,2024-09-18,"Restaurants, Food"
biz_002,Brooklyn Coffee,Bronx,NY,1,"Terrible experience, would not return.",rev_002_026,2024-06-19,"Restaurants, Food"
biz_002,Brooklyn Coffee,Queens,NY,2,Poor service and mediocre food. Disappointed.,rev_002_027,2024-01-07,"Restaurants, Food"
biz_002,Brooklyn Coffee,Queens,NY,2,"Not worth the money, poor quality.",rev_002_028,2024-03-12,"Restaurants, Food"
biz_002,Brooklyn Coffee,Manhattan,NY,1,Food was cold and service was slow.,rev_002_029,2024-07-03,"Restaurants, Food"
biz_002,Brooklyn Coffee,Brooklyn,NY,5,"Average experience, nothing special but decent.",rev_002_030,2024-04-28,"Restaurants, Food"
biz_002,Brooklyn Coffee,New York,NY,3,Food was cold and service was slow.,rev_002_031,2024-03-13,"Restaurants, Food"
biz_002,Brooklyn Coffee,New York,NY,4,Great food and excellent service! Highly recommend.,rev_002_032,2024-09-24,"Restaurants, Food"
biz_002,Brooklyn Coffee,Queens,NY,3,Poor service and mediocre food. Disappointed.,rev_002_033,2024-05-16,"Restaurants, Food"
biz_003,Central Deli,Manhattan,NY,1,Poor service and mediocre food. Disappointed.,rev_003_000,2024-04-25,"Restaurants, Food"
biz_003,Central Deli,New York,NY,4,Great food and excellent service! Highly recommend.,rev_003_001,2024-05-22,"Restaurants, Food"
biz_003,Central Deli,Manhattan,NY,3,"Not worth the money, poor quality.",rev_003_002,2024-12-10,"Restaurants, Food"
biz_003,Central Deli,Queens,NY,2,"Not worth the money, poor quality.",rev_003_003,2024-05-08,"Restaurants, Food"
biz_003,Central Deli,Brooklyn,NY,5,Amazing atmosphere and delicious meals!,rev_003_004,2024-12-18,"Restaurants, Food"
biz_003,Central Deli,Manhattan,NY,5,Outstanding restaurant with friendly staff!,rev_003_005,2024-06-17,"Restaurants, Food"
biz_003,Central Deli,Queens,NY,5,Outstanding restaurant with friendly staff!,rev_003_006,2024-03-06,"Restaurants, Food"
biz_003,Central Deli,New York,NY,2,"Not worth the money, poor quality.",rev_003_007,2024-02-10,"Restaurants, Food"
biz_003,Central Deli,Bronx,NY,2,"Terrible experience, would not return.",rev_003_008,2024-07-24,"Restaurants, Food"
biz_003,Central Deli,New York,NY,5,Great food and excellent service! Highly recommend.,rev_003_009,2024-11-21,"Restaurants, Food"
biz_003,Central Deli,Manhattan,NY,3,Poor service and mediocre food. Disappointed.,rev_003_010,2024-01-13,"Restaurants, Food"
biz_003,Central Deli,New York,NY,5,Great food and excellent service! Highly recommend.,rev_003_011,2024-05-16,"Restaurants, Food"
biz_003,Central Deli,Bronx,NY,5,Amazing atmosphere and delicious meals!,rev_003_012,2024-06-03,"Restaurants, Food"
biz_003,Central Deli,Brooklyn,NY,5,Outstanding restaurant with friendly staff!,rev_003_013,2024-10-19,"Restaurants, Food"
biz_003,Central Deli,New York,NY,4,"Perfect dinner spot, loved everything!",rev_003_014,2024-03-13,"Restaurants, Food"
biz_003,Central Deli,Brooklyn,NY,3,"Terrible experience, would not return.",rev_003_015,2024-12-08,"Restaurants, Food"
biz_003,Central Deli,Manhattan,NY,5,"Average experience, nothing special but decent.",rev_003_016,2024-11-18,"Restaurants, Food"
biz_003,Central Deli,Manhattan,NY,3,"Terrible experience, would not return.",rev_003_017,2024-09-17,"Restaurants, Food"
biz_003,Central Deli,Brooklyn,NY,5,Outstanding restaurant with friendly staff!,rev_003_018,2024-11-19,"Restaurants, Food"
biz_003,Central Deli,Brooklyn,NY,1,"Not worth the money, poor quality.",rev_003_019,2024-02-18,"Restaurants, Food"
biz_003,Central Deli,Brooklyn,NY,4,Poor service and mediocre food. Disappointed.,rev_003_020,2024-04-25,"Restaurants, Food"
biz_003,Central Deli,Brooklyn,NY,4,Amazing atmosphere and delicious meals!,rev_003_021,2024-03-17,"Restaurants, Food"
biz_003,Central Deli,New York,NY,2,"Not worth the money, poor quality.",rev_003_022,2024-10-17,"Restaurants, Food"
biz_003,Central Deli,Bronx,NY,5,Outstanding restaurant with friendly staff!,rev_003_023,2024-02-13,"Restaurants, Food"
biz_003,Central Deli,Manhattan,NY,4,Poor service and mediocre food. Disappointed.,rev_003_024,2024-09-23,"Restaurants, Food"
biz_003,Central Deli,Queens,NY,4,Poor service and mediocre food. Disappointed.,rev_003_025,2024-08-04,"Restaurants, Food"
biz_003,Central Deli,Manhattan,NY,5,Poor service and mediocre food. Disappointed.,rev_003_026,2024-02-26,"Restaurants, Food"
biz_003,Central Deli,Queens,NY,4,Outstanding restaurant with friendly staff!,rev_003_027,2024-10-22,"Restaurants, Food"
biz_003,Central Deli,Queens,NY,5,Great food and excellent service! Highly recommend.,rev_003_028,2024-10-14,"Restaurants, Food"
biz_003,Central Deli,Manhattan,NY,4,"Perfect dinner spot, loved everything!",rev_003_029,2024-09-26,"Restaurants, Food"
biz_004,Park Restaurant,Bronx,NY,4,"Perfect dinner spot, loved everything!",rev_004_000,2024-01-26,"Restaurants, Food"
biz_004,Park Restaurant,Bronx,NY,3,"Not worth the money, poor quality.",rev_004_001,2024-04-15,"Restaurants, Food"
biz_004,Park Restaurant,Queens,NY,4,"Perfect dinner spot, loved everything!",rev_004_002,2024-07-14,"Restaurants, Food"
biz_004,Park Restaurant,Manhattan,NY,4,Outstanding restaurant with friendly staff!,rev_004_003,2024-08-19,"Restaurants, Food"
biz_004,Park Restaurant,Manhattan,NY,3,Food was cold and service was slow.,rev_004_004,2024-12-13,"Restaurants, Food"
biz_004,Park Restaurant,New York,NY,2,"Terrible experience, would not return.",rev_004_005,2024-07-05,"Restaurants, Food"
biz_004,Park Restaurant,Brooklyn,NY,5,Great food and excellent service! Highly recommend.,rev_004_006,2024-12-25,"Restaurants, Food"
biz_004,Park Restaurant,Brooklyn,NY,2,"Not worth the money, poor quality.",rev_004_007,2024-03-09,"Restaurants, Food"
biz_004,Park Restaurant,Brooklyn,NY,5,Amazing atmosphere and delicious meals!,rev_004_008,2024-08-08,"Restaurants, Food"
biz_004,Park Restaurant,Bronx,NY,4,Poor service and mediocre food. Disappointed.,rev_004_009,2024-06-20,"Restaurants, Food"
biz_004,Park Restaurant,Manhattan,NY,1,"Terrible experience, would not return.",rev_004_010,2024-06-05,"Restaurants, Food"
biz_004,Park Restaurant,Queens,NY,1,Poor service and mediocre food. Disappointed.,rev_004_011,2024-11-24,"Restaurants, Food"
biz_004,Park Restaurant,Bronx,NY,1,Food was cold and service was slow.,rev_004_012,2024-04-24,"Restaurants, Food"
biz_004,Park Restaurant,Manhattan,NY,5,"Average experience, nothing special but decent.",rev_004_013,2024-04-15,"Restaurants, Food"
biz_004,Park Restaurant,Manhattan,NY,2,Poor service and mediocre food. Disappointed.,rev_004_014,2024-09-02,"Restaurants, Food"
biz_004,Park Restaurant,Queens,NY,4,"Average experience, nothing special but decent.",rev_004_015,2024-05-06,"Restaurants, Food"
biz_004,Park Restaurant,New York,NY,2,"Not worth the money, poor quality.",rev_004_016,2024-04-17,"Restaurants, Food"
biz_004,Park Restaurant,Bronx,NY,5,Great food and excellent service! Highly recommend.,rev_004_017,2024-11-04,"Restaurants, Food"
biz_004,Park Restaurant,Brooklyn,NY,4,Poor service and mediocre food. Disappointed.,rev_004_018,2024-08-10,"Restaurants, Food"
biz_004,Park Restaurant,Bronx,NY,5,"Average experience, nothing special but decent.",rev_004_019,2024-08-02,"Restaurants, Food"
biz_004,Park Restaurant,New York,NY,4,Outstanding restaurant with friendly staff!,rev_004_020,2024-11-15,"Restaurants, Food"
biz_004,Park Restaurant,New York,NY,4,Poor service and mediocre food. Disappointed.,rev_004_021,2024-05-28,"Restaurants, Food"
biz_004,Park Restaurant,Manhattan,NY,3,"Terrible experience, would not return.",rev_004_022,2024-09-02,"Restaurants, Food"
biz_004,Park Restaurant,Queens,NY,5,Poor service and mediocre food. Disappointed.,rev_004_023,2024-08-11,"Restaurants, Food"
biz_004,Park Restaurant,Manhattan,NY,3,"Terrible experience, would not return.",rev_004_024,2024-05-05,"Restaurants, Food"
biz_004,Park Restaurant,Queens,NY,3,Food was cold and service was slow.,rev_004_025,2024-09-13,"Restaurants, Food"
biz_004,Park Restaurant,Manhattan,NY,5,"Average experience, nothing special but decent.",rev_004_026,2024-06-01,"Restaurants, Food"
biz_004,Park Restaurant,New York,NY,2,Food was cold and service was slow.,rev_004_027,2024-01-15,"Restaurants, Food"
biz_004,Park Restaurant,Manhattan,NY,4,"Perfect dinner spot, loved everything!",rev_004_028,2024-07-19,"Restaurants, Food"
biz_004,Park Restaurant,Brooklyn,NY,5,Poor service and mediocre food. Disappointed.,rev_004_029,2024-04-15,"Restaurants, Food"
biz_004,Park Restaurant,Manhattan,NY,2,Poor service and mediocre food. Disappointed.,rev_004_030,2024-04-06,"Restaurants, Food"
biz_005,Corner Bakery,Queens,NY,5,Poor service and mediocre food. Disappointed.,rev_005_000,2024-06-02,"Restaurants, Food"
biz_005,Corner Bakery,Bronx,NY,3,Food was cold and service was slow.,rev_005_001,2024-04-13,"Restaurants, Food"
biz_005,Corner Bakery,Bronx,NY,5,Outstanding restaurant with friendly staff!,rev_005_002,2024-04-12,"Restaurants, Food"
biz_005,Corner Bakery,Manhattan,NY,3,Food was cold and service was slow.,rev_005_003,2024-04-04,"Restaurants, Food"
biz_005,Corner Bakery,Manhattan,NY,2,Food was cold and service was slow.,rev_005_004,2024-10-08,"Restaurants, Food"
biz_005,Corner Bakery,Queens,NY,5,"Average experience, nothing special but decent.",rev_005_005,2024-10-13,"Restaurants, Food"
biz_005,Corner Bakery,Queens,NY,5,"Average experience, nothing special but decent.",rev_005_006,2024-11-12,"Restaurants, Food"
biz_005,Corner Bakery,Bronx,NY,5,Amazing atmosphere and delicious meals!,rev_005_007,2024-08-10,"Restaurants, Food"
biz_005,Corner Bakery,Manhattan,NY,3,Food was cold and service was slow.,rev_005_008,2024-08-09,"Restaurants, Food"
biz_005,Corner Bakery,Bronx,NY,1,Food was cold and service was slow.,rev_005_009,2024-05-26,"Restaurants, Food"
biz_005,Corner Bakery,New York,NY,3,"Terrible experience, would not return.",rev_005_010,2024-06-23,"Restaurants, Food"
biz_005,Corner Bakery,Bronx,NY,4,Outstanding restaurant with friendly staff!,rev_005_011,2024-09-10,"Restaurants, Food"
biz_005,Corner Bakery,Manhattan,NY,3,Poor service and mediocre food. Disappointed.,rev_005_012,2024-04-25,"Restaurants, Food"
biz_005,Corner Bakery,Brooklyn,NY,2,"Terrible experience, would not return.",rev_005_013,2024-11-02,"Restaurants, Food"
biz_005,Corner Bakery,Queens,NY,1,"Not worth the money, poor quality.",rev_005_014,2024-11-19,"Restaurants, Food"
biz_005,Corner Bakery,Bronx,NY,5,Great food and excellent service! Highly recommend.,rev_005_015,2024-08-01,"Restaurants, Food"
biz_005,Corner Bakery,Queens,NY,5,Poor service and mediocre food. Disappointed.,rev_005_016,2024-02-21,"Restaurants, Food"
biz_005,Corner Bakery,New York,NY,5,Great food and excellent service! Highly recommend.,rev_005_017,2024-04-22,"Restaurants, Food"
biz_005,Corner Bakery,New York,NY,3,Food was cold and service was slow.,rev_005_018,2024-07-01,"Restaurants, Food"
biz_005,Corner Bakery,Manhattan,NY,5,"Perfect dinner spot, loved everything!",rev_005_019,2024-08-19,"Restaurants, Food"
biz_005,Corner Bakery,Bronx,NY,4,"Perfect dinner spot, loved everything!",rev_005_020,2024-08-19,"Restaurants, Food"
biz_005,Corner Bakery,Brooklyn,NY,5,"Perfect dinner spot, loved everything!",rev_005_021,2024-02-22,"Restaurants, Food"
biz_005,Corner Bakery,Manhattan,NY,5,"Average experience, nothing special but decent.",rev_005_022,2024-04-01,"Restaurants, Food"
biz_005,Corner Bakery,Brooklyn,NY,4,Poor service and mediocre food. Disappointed.,rev_005_023,2024-03-14,"Restaurants, Food"
biz_005,Corner Bakery,Queens,NY,4,Great food and excellent service! Highly recommend.,rev_005_024,2024-02-07,"Restaurants, Food"
biz_005,Corner Bakery,Manhattan,NY,5,Great food and excellent service! Highly recommend.,rev_005_025,2024-08-23,"Restaurants, Food"
biz_005,Corner Bakery,New York,NY,5,Outstanding restaurant with friendly staff!,rev_005_026,2024-05-03,"Restaurants, Food"
biz_005,Corner Bakery,Brooklyn,NY,1,"Not worth the money, poor quality.",rev_005_027,2024-03-24,"Restaurants, Food"
biz_005,Corner Bakery,Queens,NY,3,"Not worth the money, poor quality.",rev_005_028,2024-04-05,"Restaurants, Food"
biz_005,Corner Bakery,Brooklyn,NY,4,"Perfect dinner spot, loved everything!",rev_005_029,2024-07-10,"Restaurants, Food"
biz_005,Corner Bakery,Bronx,NY,4,Outstanding restaurant with friendly staff!,rev_005_030,2024-03-04,"Restaurants, Food"
biz_005,Corner Bakery,Bronx,NY,5,"Average experience, nothing special but decent.",rev_005_031,2024-04-11,"Restaurants, Food"
biz_005,Corner Bakery,Queens,NY,4,"Average experience, nothing special but decent.",rev_005_032,2024-04-05,"Restaurants, Food"
biz_005,Corner Bakery,Bronx,NY,4,"Perfect dinner spot, loved everything!",rev_005_033,2024-12-03,"Restaurants, Food"
biz_005,Corner Bakery,New York,NY,3,"Terrible experience, would not return.",rev_005_034,2024-10-24,"Restaurants, Food"
biz_005,Corner Bakery,New York,NY,3,Food was cold and service was slow.,rev_005_035,2024-02-19,"Restaurants, Food"
biz_005,Corner Bakery,Bronx,NY,5,Great food and excellent service! Highly recommend.,rev_005_036,2024-09-07,"Restaurants, Food"
biz_005,Corner Bakery,Queens,NY,5,"Perfect dinner spot, loved everything!",rev_005_037,2024-10-26,"Restaurants, Food"
biz_005,Corner Bakery,Manhattan,NY,1,"Terrible experience, would not return.",rev_005_038,2024-06-18,"Restaurants, Food"
biz_005,Corner Bakery,Brooklyn,NY,5,"Average experience, nothing special but decent.",rev_005_039,2024-01-05,"Restaurants, Food"
biz_005,Corner Bakery,Bronx,NY,5,"Average experience, nothing special but decent.",rev_005_040,2024-10-22,"Restaurants, Food"
biz_005,Corner Bakery,Manhattan,NY,4,Great food and excellent service! Highly recommend.,rev_005_041,2024-08-02,"Restaurants, Food"
biz_006,Main Street Cafe,Bronx,NY,4,Outstanding restaurant with friendly staff!,rev_006_000,2024-01-26,"Restaurants, Food"
biz_006,Main Street Cafe,Brooklyn,NY,5,"Perfect dinner spot, loved everything!",rev_006_001,2024-12-22,"Restaurants, Food"
biz_006,Main Street Cafe,Manhattan,NY,4,Poor service and mediocre food. Disappointed.,rev_006_002,2024-10-21,"Restaurants, Food"
biz_006,Main Street Cafe,New York,NY,2,Food was cold and service was slow.,rev_006_003,2024-11-07,"Restaurants, Food"
biz_006,Main Street Cafe,Bronx,NY,5,"Perfect dinner spot, loved everything!",rev_006_004,2024-08-01,"Restaurants, Food"
biz_006,Main Street Cafe,Queens,NY,4,Amazing atmosphere and delicious meals!,rev_006_005,2024-11-17,"Restaurants, Food"
biz_006,Main Street Cafe,New York,NY,4,Outstanding restaurant with friendly staff!,rev_006_006,2024-10-02,"Restaurants, Food"
biz_006,Main Street Cafe,New York,NY,4,Great food and excellent service! Highly recommend.,rev_006_007,2024-09-11,"Restaurants, Food"
biz_006,Main Street Cafe,Manhattan,NY,4,Great food and excellent service! Highly recommend.,rev_006_008,2024-02-05,"Restaurants, Food"
biz_006,Main Street Cafe,Brooklyn,NY,4,Poor service and mediocre food. Disappointed.,rev_006_009,2024-12-19,"Restaurants, Food"
biz_006,Main Street Cafe,Bronx,NY,5,Poor service and mediocre food. Disappointed.,rev_006_010,2024-01-10,"Restaurants, Food"
biz_006,Main Street Cafe,Manhattan,NY,4,Great food and excellent service! Highly recommend.,rev_006_011,2024-08-21,"Restaurants, Food"
biz_006,Main Street Cafe,New York,NY,5,Outstanding restaurant with friendly staff!,rev_006_012,2024-02-25,"Restaurants, Food"
biz_006,Main Street Cafe,Bronx,NY,5,Poor service and mediocre food. Disappointed.,rev_006_013,2024-10-15,"Restaurants, Food"
biz_006,Main Street Cafe,Bronx,NY,4,Great food and excellent service! Highly recommend.,rev_006_014,2024-06-26,"Restaurants, Food"
biz_006,Main Street Cafe,Manhattan,NY,5,Outstanding restaurant with friendly staff!,rev_006_015,2024-08-18,"Restaurants, Food"
biz_006,Main Street Cafe,Queens,NY,5,Outstanding restaurant with friendly staff!,rev_006_016,2024-07-03,"Restaurants, Food"
biz_006,Main Street Cafe,Manhattan,NY,5,"Average experience, nothing special but decent.",rev_006_017,2024-12-28,"Restaurants, Food"
biz_006,Main Street Cafe,Brooklyn,NY,5,Poor service and mediocre food. Disappointed.,rev_006_018,2024-07-23,"Restaurants, Food"
biz_006,Main Street Cafe,New York,NY,5,Great food and excellent service! Highly recommend.,rev_006_019,2024-02-01,"Restaurants, Food"
biz_006,Main Street Cafe,Brooklyn,NY,3,"Terrible experience, would not return.",rev_006_020,2024-07-03,"Restaurants, Food"
biz_007,Sunset Grill,Manhattan,NY,5,Outstanding restaurant with friendly staff!,rev_007_000,2024-11-07,"Restaurants, Food"
biz_007,Sunset Grill,Bronx,NY,5,Outstanding restaurant with friendly staff!,rev_007_001,2024-05-12,"Restaurants, Food"
biz_007,Sunset Grill,Brooklyn,NY,5,Amazing atmosphere and delicious meals!,rev_007_002,2024-09-07,"Restaurants, Food"
biz_007,Sunset Grill,Manhattan,NY,4,Great food and excellent service! Highly recommend.,rev_007_003,2024-08-18,"Restaurants, Food"
biz_007,Sunset Grill,New York,NY,5,"Perfect dinner spot, loved everything!",rev_007_004,2024-05-14,"Restaurants, Food"
biz_007,Sunset Grill,Queens,NY,4,Great food and excellent service! Highly recommend.,rev_007_005,2024-12-27,"Restaurants, Food"
biz_007,Sunset Grill,Queens,NY,1,Poor service and mediocre food. Disappointed.,rev_007_006,2024-06-07,"Restaurants, Food"
biz_007,Sunset Grill,Bronx,NY,3,"Terrible experience, would not return.",rev_007_007,2024-02-25,"Restaurants, Food"
biz_007,Sunset Grill,Queens,NY,4,Amazing atmosphere and delicious meals!,rev_007_008,2024-06-21,"Restaurants, Food"
biz_007,Sunset Grill,Brooklyn,NY,4,"Perfect dinner spot, loved everything!",rev_007_009,2024-09-26,"Restaurants, Food"
biz_007,Sunset Grill,Bronx,NY,5,"Average experience, nothing special but decent.",rev_007_010,2024-05-22,"Restaurants, Food"
biz_007,Sunset Grill,Queens,NY,2,Poor service and mediocre food. Disappointed.,rev_007_011,2024-10-17,"Restaurants, Food"
biz_007,Sunset Grill,Brooklyn,NY,5,"Average experience, nothing special but decent.",rev_007_012,2024-01-24,"Restaurants, Food"
biz_007,Sunset Grill,Bronx,NY,1,Food was cold and service was slow.,rev_007_013,2024-09-09,"Restaurants, Food"
biz_007,Sunset Grill,New York,NY,1,Poor service and mediocre food. Disappointed.,rev_007_014,2024-08-03,"Restaurants, Food"
biz_007,Sunset Grill,New York,NY,5,Outstanding restaurant with friendly staff!,rev_007_015,2024-02-12,"Restaurants, Food"
biz_007,Sunset Grill,Manhattan,NY,5,Great food and excellent service! Highly recommend.,rev_007_016,2024-02-24,"Restaurants, Food"
biz_007,Sunset Grill,Bronx,NY,4,"Perfect dinner spot, loved everything!",rev_007_017,2024-10-18,"Restaurants, Food"
biz_007,Sunset Grill,Queens,NY,4,Amazing atmosphere and delicious meals!,rev_007_018,2024-05-13,"Restaurants, Food"
biz_007,Sunset Grill,Bronx,NY,5,Outstanding restaurant with friendly staff!,rev_007_019,2024-03-26,"Restaurants, Food"
biz_007,Sunset Grill,Bronx,NY,5,"Average experience, nothing special but decent.",rev_007_020,2024-01-06,"Restaurants, Food"
biz_007,Sunset Grill,Manhattan,NY,5,Amazing atmosphere and delicious meals!,rev_007_021,2024-09-13,"Restaurants, Food"
biz_007,Sunset Grill,Queens,NY,5,Great food and excellent service! Highly recommend.,rev_007_022,2024-11-06,"Restaurants, Food"
biz_007,Sunset Grill,Brooklyn,NY,5,Outstanding restaurant with friendly staff!,rev_007_023,2024-09-19,"Restaurants, Food"
biz_007,Sunset Grill,Manhattan,NY,1,"Terrible experience, would not return.",rev_007_024,2024-05-07,"Restaurants, Food"
biz_007,Sunset Grill,Bronx,NY,5,Amazing atmosphere and delicious meals!,rev_007_025,2024-12-07,"Restaurants, Food"
biz_007,Sunset Grill,New York,NY,5,Outstanding restaurant with friendly staff!,rev_007_026,2024-09-17,"Restaurants, Food"
biz_007,Sunset Grill,Bronx,NY,5,"Average experience, nothing special but decent.",rev_007_027,2024-03-16,"Restaurants, Food"
biz_007,Sunset Grill,New York,NY,4,"Perfect dinner spot, loved everything!",rev_007_028,2024-02-28,"Restaurants, Food"
biz_007,Sunset Grill,Queens,NY,5,"Perfect dinner spot, loved everything!",rev_007_029,2024-04-04,"Restaurants, Food"
biz_007,Sunset Grill,Queens,NY,4,Poor service and mediocre food. Disappointed.,rev_007_030,2024-06-17,"Restaurants, Food"
biz_007,Sunset Grill,Manhattan,NY,4,Great food and excellent service! Highly recommend.,rev_007_031,2024-02-18,"Restaurants, Food"
biz_007,Sunset Grill,Queens,NY,3,Food was cold and service was slow.,rev_007_032,2024-11-03,"Restaurants, Food"
biz_007,Sunset Grill,Manhattan,NY,4,Amazing atmosphere and delicious meals!,rev_007_033,2024-01-06,"Restaurants, Food"
biz_007,Sunset Grill,Brooklyn,NY,4,Poor service and mediocre food. Disappointed.,rev_007_034,2024-02-14,"Restaurants, Food"
biz_007,Sunset Grill,Bronx,NY,5,Amazing atmosphere and delicious meals!,rev_007_035,2024-09-07,"Restaurants, Food"
biz_007,Sunset Grill,Queens,NY,5,Outstanding restaurant with friendly staff!,rev_007_036,2024-02-15,"Restaurants, Food"
biz_007,Sunset Grill,Manhattan,NY,4,"Perfect dinner spot, loved everything!",rev_007_037,2024-01-12,"Restaurants, Food"
biz_007,Sunset Grill,Bronx,NY,5,Outstanding restaurant with friendly staff!,rev_007_038,2024-11-20,"Restaurants, Food"
biz_007,Sunset Grill,Manhattan,NY,5,Great food and excellent service! Highly recommend.,rev_007_039,2024-01-26,"Restaurants, Food"
biz_007,Sunset Grill,Manhattan,NY,3,Food was cold and service was slow.,rev_007_040,2024-01-25,"Restaurants, Food"
biz_007,Sunset Grill,Manhattan,NY,5,"Average experience, nothing special but decent.",rev_007_041,2024-08-28,"Restaurants, Food"
biz_007,Sunset Grill,Manhattan,NY,4,Great food and excellent service! Highly recommend.,rev_007_042,2024-02-20,"Restaurants, Food"
biz_008,Downtown Bar,Queens,NY,4,Amazing atmosphere and delicious meals!,rev_008_000,2024-10-03,"Restaurants, Food"
biz_008,Downtown Bar,New York,NY,4,Great food and excellent service! Highly recommend.,rev_008_001,2024-12-20,"Restaurants, Food"
biz_008,Downtown Bar,Queens,NY,4,"Perfect dinner spot, loved everything!",rev_008_002,2024-06-22,"Restaurants, Food"
biz_008,Downtown Bar,Manhattan,NY,5,"Average experience, nothing special but decent.",rev_008_003,2024-01-08,"Restaurants, Food"
biz_008,Downtown Bar,Manhattan,NY,4,"Perfect dinner spot, loved everything!",rev_008_004,2024-09-01,"Restaurants, Food"
biz_008,Downtown Bar,Manhattan,NY,1,Poor service and mediocre food. Disappointed.,rev_008_005,2024-08-09,"Restaurants, Food"
biz_008,Downtown Bar,Queens,NY,5,Great food and excellent service! Highly recommend.,rev_008_006,2024-04-01,"Restaurants, Food"
biz_008,Downtown Bar,Brooklyn,NY,4,"Average experience, nothing special but decent.",rev_008_007,2024-01-01,"Restaurants, Food"
biz_008,Downtown Bar,Queens,NY,4,"Perfect dinner spot, loved everything!",rev_008_008,2024-10-22,"Restaurants, Food"
biz_008,Downtown Bar,Brooklyn,NY,5,"Perfect dinner spot, loved everything!",rev_008_009,2024-02-15,"Restaurants, Food"
biz_008,Downtown Bar,Manhattan,NY,4,Amazing atmosphere and delicious meals!,rev_008_010,2024-03-27,"Restaurants, Food"
biz_008,Downtown Bar,New York,NY,5,"Perfect dinner spot, loved everything!",rev_008_011,2024-02-12,"Restaurants, Food"
biz_008,Downtown Bar,Queens,NY,5,"Average experience, nothing special but decent.",rev_008_012,2024-11-07,"Restaurants, Food"
biz_008,Downtown Bar,Brooklyn,NY,5,Amazing atmosphere and delicious meals!,rev_008_013,2024-03-09,"Restaurants, Food"
biz_008,Downtown Bar,Queens,NY,4,"Perfect dinner spot, loved everything!",rev_008_014,2024-07-12,"Restaurants, Food"
biz_008,Downtown Bar,Manhattan,NY,5,Outstanding restaurant with friendly staff!,rev_008_015,2024-07-14,"Restaurants, Food"
biz_009,Garden Restaurant,Manhattan,NY,5,Outstanding restaurant with friendly staff!,rev_009_000,2024-12-18,"Restaurants, Food"
biz_009,Garden Restaurant,New York,NY,4,Poor service and mediocre food. Disappointed.,rev_009_001,2024-11-03,"Restaurants, Food"
biz_009,Garden Restaurant,Bronx,NY,5,Poor service and mediocre food. Disappointed.,rev_009_002,2024-06-15,"Restaurants, Food"
biz_009,Garden Restaurant,Bronx,NY,4,Amazing atmosphere and delicious meals!,rev_009_003,2024-10-24,"Restaurants, Food"
biz_009,Garden Restaurant,Queens,NY,5,Amazing atmosphere and delicious meals!,rev_009_004,2024-12-24,"Restaurants, Food"
biz_009,Garden Restaurant,Queens,NY,5,Poor service and mediocre food. Disappointed.,rev_009_005,2024-10-21,"Restaurants, Food"
biz_009,Garden Restaurant,Brooklyn,NY,5,Amazing atmosphere and delicious meals!,rev_009_006,2024-04-06,"Restaurants, Food"
biz_009,Garden Restaurant,Bronx,NY,5,Poor service and mediocre food. Disappointed.,rev_009_007,2024-12-03,"Restaurants, Food"
biz_009,Garden Restaurant,Manhattan,NY,5,Outstanding restaurant with friendly staff!,rev_009_008,2024-10-08,"Restaurants, Food"
biz_009,Garden Restaurant,Queens,NY,4,"Perfect dinner spot, loved everything!",rev_009_009,2024-02-23,"Restaurants, Food"
biz_009,Garden Restaurant,Queens,NY,5,"Perfect dinner spot, loved everything!",rev_009_010,2024-08-07,"Restaurants, Food"
biz_009,Garden Restaurant,New York,NY,4,"Average experience, nothing special but decent.",rev_009_011,2024-11-25,"Restaurants, Food"
biz_009,Garden Restaurant,Bronx,NY,5,"Average experience, nothing special but decent.",rev_009_012,2024-01-08,"Restaurants, Food"
biz_009,Garden Restaurant,Manhattan,NY,5,Amazing atmosphere and delicious meals!,rev_009_013,2024-10-03,"Restaurants, Food"
biz_009,Garden Restaurant,Queens,NY,5,"Average experience, nothing special but decent.",rev_009_014,2024-09-01,"Restaurants, Food"
biz_009,Garden Restaurant,New York,NY,5,Poor service and mediocre food. Disappointed.,rev_009_015,2024-06-20,"Restaurants, Food"
biz_009,Garden Restaurant,Bronx,NY,5,Poor service and mediocre food. Disappointed.,rev_009_016,2024-12-05,"Restaurants, Food"
biz_009,Garden Restaurant,Queens,NY,5,Amazing atmosphere and delicious meals!,rev_009_017,2024-11-20,"Restaurants, Food"
biz_009,Garden Restaurant,Bronx,NY,4,"Average experience, nothing special but decent.",rev_009_018,2024-04-26,"Restaurants, Food"
biz_009,Garden Restaurant,Bronx,NY,5,Poor service and mediocre food. Disappointed.,rev_009_019,2024-11-05,"Restaurants, Food"
biz_009,Garden Restaurant,Brooklyn,NY,4,Poor service and mediocre food. Disappointed.,rev_009_020,2024-04-21,"Restaurants, Food"
biz_009,Garden Restaurant,Brooklyn,NY,4,Poor service and mediocre food. Disappointed.,rev_009_021,2024-09-18,"Restaurants, Food"
biz_009,Garden Restaurant,Queens,NY,5,Poor service and mediocre food. Disappointed.,rev_009_022,2024-06-20,"Restaurants, Food"
biz_009,Garden Restaurant,Brooklyn,NY,4,"Perfect dinner spot, loved everything!",rev_009_023,2024-10-28,"Restaurants, Food"
biz_009,Garden Restaurant,Bronx,NY,4,"Average experience, nothing special but decent.",rev_009_024,2024-06-05,"Restaurants, Food"
biz_009,Garden Restaurant,Brooklyn,NY,5,"Average experience, nothing special but decent.",rev_009_025,2024-11-10,"Restaurants, Food"
biz_009,Garden Restaurant,New York,NY,5,"Average experience, nothing special but decent.",rev_009_026,2024-12-27,"Restaurants, Food"
biz_009,Garden Restaurant,New York,NY,5,"Perfect dinner spot, loved everything!",rev_009_027,2024-03-16,"Restaurants, Food"
biz_009,Garden Restaurant,Queens,NY,5,Outstanding restaurant with friendly staff!,rev_009_028,2024-02-18,"Restaurants, Food"
biz_009,Garden Restaurant,New York,NY,5,Great food and excellent service! Highly recommend.,rev_009_029,2024-09-21,"Restaurants, Food"
biz_009,Garden Restaurant,Brooklyn,NY,4,Great food and excellent service! Highly recommend.,rev_009_030,2024-06-14,"Restaurants, Food"
biz_009,Garden Restaurant,Brooklyn,NY,5,Poor service and mediocre food. Disappointed.,rev_009_031,2024-09-23,"Restaurants, Food"
biz_009,Garden Restaurant,New York,NY,4,Poor service and mediocre food. Disappointed.,rev_009_032,2024-05-15,"Restaurants, Food"
biz_009,Garden Restaurant,Bronx,NY,4,"Average experience, nothing special but decent.",rev_009_033,2024-03-28,"Restaurants, Food"
biz_009,Garden Restaurant,New York,NY,4,Great food and excellent service! Highly recommend.,rev_009_034,2024-03-12,"Restaurants, Food"
biz_009,Garden Restaurant,Brooklyn,NY,5,Poor service and mediocre food. Disappointed.,rev_009_035,2024-02-14,"Restaurants, Food"
biz_009,Garden Restaurant,Brooklyn,NY,5,Outstanding restaurant with friendly staff!,rev_009_036,2024-06-28,"Restaurants, Food"
biz_009,Garden Restaurant,Bronx,NY,4,"Average experience, nothing special but decent.",rev_009_037,2024-02-16,"Restaurants, Food"
biz_009,Garden Restaurant,Manhattan,NY,5,Amazing atmosphere and delicious meals!,rev_009_038,2024-07-06,"Restaurants, Food"
biz_009,Garden Restaurant,Bronx,NY,5,Amazing atmosphere and delicious meals!,rev_009_039,2024-05-23,"Restaurants, Food"
biz_009,Garden Restaurant,New York,NY,5,Outstanding restaurant with friendly staff!,rev_009_040,2024-04-11,"Restaurants, Food"
biz_009,Garden Restaurant,Manhattan,NY,5,Amazing atmosphere and delicious meals!,rev_009_041,2024-02-14,"Restaurants, Food"
biz_009,Garden Restaurant,Manhattan,NY,4,Outstanding restaurant with friendly staff!,rev_009_042,2024-12-03,"Restaurants, Food"
biz_009,Garden Restaurant,Brooklyn,NY,5,"Average experience, nothing special but decent.",rev_009_043,2024-02-17,"Restaurants, Food"
biz_009,Garden Restaurant,Manhattan,NY,4,"Average experience, nothing special but decent.",rev_009_044,2024-07-12,"Restaurants, Food"
